{
  "version": 1,
  "author": "Anonymous maker",
  "editor": "wokwi",
  "parts": [
    { "type": "wokwi-arduino-uno", "id": "uno", "top": 0, "left": 0, "attrs": {} },
    { "type": "wokwi-relay-module", "id": "relay1", "top": -76.6, "left": 192, "attrs": {} },
    { "type": "wokwi-potentiometer", "id": "pot1", "top": 27.5, "left": 287.8, "attrs": {} }
  ],
  "connections": [
    [ "relay1:IN", "uno:8", "green", [ "h0" ] ],
    [ "relay1:GND", "uno:GND.1", "black", [ "h0" ] ],
    [ "relay1:VCC", "uno:5V", "red", [ "h-230.4", "v278.4", "h19.2" ] ],
    [ "pot1:SIG", "uno:A0", "green", [ "v115.2", "h-115.6" ] ],
    [ "pot1:VCC", "uno:5V", "red", [ "v134.4", "h-173.6" ] ],
    [ "pot1:GND", "uno:GND.3", "black", [ "v124.8", "h-144" ] ]
  ],
  "dependencies": {}
}